f_int,f_int_err,f_peak,f_peak_err,ra,ra_err,decl,decl_err,det_sigma,band,freq_eff,taustart_ts,mjd
0.000617148345538106,0.000109679741707949,0.000610650909479663,6.26569471560897e-05,206.005578053879,0.00306156706211741,-62.8117723669124,0.00139062933221541,8.41595834643678,1,1283986938.47656,2020-09-26,59118.0
