f_int,f_int_err,f_peak,f_peak_err,ra,ra_err,decl,decl_err,det_sigma,band,freq_eff,taustart_ts,mjd
0.000895399401773836,0.000691401291889803,0.000717439433860868,0.000319843849153553,206.245636607301,0.00352542932009271,-63.6140992116264,0.00142137158317217,15.5697885513704,1,1283986938.47656,2020-09-26,59118.0
