f_int,f_int_err,f_peak,f_peak_err,ra,ra_err,decl,decl_err,det_sigma,band,freq_eff,taustart_ts,mjd
0.00452565323587708,0.000827164826503474,0.00447525891601915,0.000472246038364147,208.940547523023,0.00313006629379216,-63.4424800698928,0.00139073369789597,8.79357109432456,1,1283986938.47656,2020-09-26,59118.0
