f_int,f_int_err,f_peak,f_peak_err,ra,ra_err,decl,decl_err,det_sigma,band,freq_eff,taustart_ts,mjd
0.00111788755301145,0.000165887131883512,0.00110968203465068,9.50719727256735e-05,208.948965460414,0.00312800810936106,-63.4970804721738,0.00139010528262732,9.11441969804018,1,1283986938.47656,2020-09-26,59118.0
