f_int,f_int_err,f_peak,f_peak_err,ra,ra_err,decl,decl_err,det_sigma,band,freq_eff,taustart_ts,mjd
0.000859276842231962,8.40175401060429e-05,0.000856538513636514,4.83529663765013e-05,288.1433143934679,0.00141568429171388,10.7278854444363,0.00139094118131193,12.9561950101503,5,1283986938.47656,2021-04-10 02:55:45.800,59314.12205787037
