f_int,f_int_err,f_peak,f_peak_err,ra,ra_err,decl,decl_err,det_sigma,band,freq_eff,taustart_ts,mjd
0.000910822486675384,0.000158383216243942,0.000901642050474495,9.05209169062229e-05,288.1606920907575,0.00142032917932316,10.7570584908498,0.00139536961422807,8.39511017283908,5,1283986938.47656,2021-04-10 02:55:45.800,59314.12205787037
