f_int,f_int_err,f_peak,f_peak_err,ra,ra_err,decl,decl_err,det_sigma,band,freq_eff,taustart_ts,mjd
0.000470588365952542,9.54521412975063e-05,0.000464134663922293,5.43535440378759e-05,288.1879022530341,0.00142267263603728,10.7510959364793,0.00139769935684667,8.07245574804439,5,1283986938.47656,2021-04-10 02:55:45.800,59314.12205787037
