f_int,f_int_err,f_peak,f_peak_err,ra,ra_err,decl,decl_err,det_sigma,band,freq_eff,taustart_ts,mjd
0.000250958501028993,4.50406338392378e-05,0.000248263953672462,2.57250141246069e-05,266.316909673825,0.00329901157046316,-32.5869695251428,0.00277986866614673,8.52199406758377,6,1283895507.8125,2018-11-10 11:05:51.100,58432.46239699074
