f_int,f_int_err,f_peak,f_peak_err,ra,ra_err,decl,decl_err,det_sigma,band,freq_eff,taustart_ts,mjd
0.000297731646950266,5.48837506706561e-05,0.000294359229631367,3.13282267301011e-05,266.851535924397,0.00329506559036855,-32.4761129630703,0.00277998346888911,8.66849194157296,6,1283895507.8125,2018-11-10 11:05:51.100,58432.46239699074
