f_int,f_int_err,f_peak,f_peak_err,ra,ra_err,decl,decl_err,det_sigma,band,freq_eff,taustart_ts,mjd
0.000311108147393523,5.37696147926312e-05,0.00030801043416082,3.07347965078815e-05,266.874731520592,0.00329406977009661,-32.4566894856896,0.00277971677541254,9.05059305821345,6,1283895507.8125,2018-11-10 11:05:51.100,58432.46239699074
