f_int,f_int_err,f_peak,f_peak_err,ra,ra_err,decl,decl_err,det_sigma,band,freq_eff,taustart_ts,mjd
0.000328339515495274,6.11989530813073e-05,0.000324537240023801,3.49240620297025e-05,266.923661568256,0.00329028263350711,-32.3435714558165,0.00278003272749905,8.44048407688712,6,1283895507.8125,2018-11-10 11:05:51.100,58432.46239699074
