f_int,f_int_err,f_peak,f_peak_err,ra,ra_err,decl,decl_err,det_sigma,band,freq_eff,taustart_ts,mjd
0.000379506099604726,3.63328098816221e-05,0.000378346633766303,2.09126694420234e-05,274.3390060937321,0.00140347785695742,7.71680791721478,0.00139076759410163,17.5857443059294,1,1283895507.8125,2020-11-22 13:42:17.200,59175.57103240741
