f_int,f_int_err,f_peak,f_peak_err,ra,ra_err,decl,decl_err,det_sigma,band,freq_eff,taustart_ts,mjd
0.000387705306987712,3.74748704253391e-05,0.000386497890007096,2.15687459012034e-05,275.1620481829492,0.00140482454701622,8.10167840273379,0.00139080421973186,17.6654901596683,1,1283895507.8125,2020-11-22 13:42:17.200,59175.57103240741
