f_int,f_int_err,f_peak,f_peak_err,ra,ra_err,decl,decl_err,det_sigma,band,freq_eff,taustart_ts,mjd
0.000155774127855997,3.26135305122013e-05,0.000153498092275699,1.85543114165119e-05,270.149082622133,0.0015989656534153,-29.1164467286554,0.00139690903147257,8.01680026643967,1,1283986938.47656,2021-11-19 16:35:28.400,59537.69130092592
