f_int,f_int_err,f_peak,f_peak_err,ra,ra_err,decl,decl_err,det_sigma,band,freq_eff,taustart_ts,mjd
0.000166139053630048,0.0001366943449582,0.000128649686469855,6.11120596152537e-05,270.384277813116,0.0017369552974972,-29.7522833923342,0.00150798463257768,8.07023004850019,1,1283986938.47656,2021-11-19 16:35:28.400,59537.69130092592
