f_int,f_int_err,f_peak,f_peak_err,ra,ra_err,decl,decl_err,det_sigma,band,freq_eff,taustart_ts,mjd
0.000195582278229517,3.58479837560169e-05,0.000193392103756648,2.04650751537429e-05,271.098770767837,0.0016019380611162,-29.4430621963511,0.00139503924510304,10.1368225525427,1,1283986938.47656,2021-11-19 16:35:28.400,59537.69130092592
