f_int,f_int_err,f_peak,f_peak_err,ra,ra_err,decl,decl_err,det_sigma,band,freq_eff,taustart_ts,mjd
0.000181779461760141,3.53878192549719e-05,0.000179483093513518,2.01730658506655e-05,270.672996393395,0.00161137630913524,-29.9763756632412,0.00139582493838394,8.31422806984238,1,1283986938.47656,2021-11-19 16:35:28.400,59537.69130092592
