f_int,f_int_err,f_peak,f_peak_err,ra,ra_err,decl,decl_err,det_sigma,band,freq_eff,taustart_ts,mjd
0.000192833373987235,3.35434085314422e-05,0.000190888412848607,1.91709630925911e-05,270.762257655681,0.00161470567386083,-30.2789065094023,0.00139442986390725,8.19742734596558,1,1283986938.47656,2021-11-19 16:35:28.400,59537.69130092592
