f_int,f_int_err,f_peak,f_peak_err,ra,ra_err,decl,decl_err,det_sigma,band,freq_eff,taustart_ts,mjd
0.000142426614050237,2.75376642288802e-05,0.000140651845207023,1.57007629648064e-05,271.00724723082,0.00174180838849624,-36.8845989100481,0.00139317750037883,8.64025824800589,1,1283895507.8125,2019-08-31 18:56:02.900,58726.78892245371
