f_int,f_int_err,f_peak,f_peak_err,ra,ra_err,decl,decl_err,det_sigma,band,freq_eff,taustart_ts,mjd
0.000138892674682092,2.86455597521883e-05,0.000136923364936529,1.63040278285942e-05,271.087446025847,0.00173802319039526,-36.6854314496242,0.0013937678486669,8.8765340423825,1,1283895507.8125,2019-08-31 18:56:02.900,58726.78892245371
