f_int,f_int_err,f_peak,f_peak_err,ra,ra_err,decl,decl_err,det_sigma,band,freq_eff,taustart_ts,mjd
0.000150495943259249,2.8618774021105e-05,0.000148681865066102,1.63238879470492e-05,271.129239195229,0.00173482479323264,-36.5838835680902,0.00139303796164111,8.60643478666761,1,1283895507.8125,2019-08-31 18:56:02.900,58726.78892245371
