f_int,f_int_err,f_peak,f_peak_err,ra,ra_err,decl,decl_err,det_sigma,band,freq_eff,taustart_ts,mjd
0.000166580719270255,2.82605021996025e-05,0.000164982583167285,1.61596746986046e-05,271.148584487616,0.00174172719208445,-36.9350461680069,0.00139219199088377,9.26376448061095,1,1283895507.8125,2019-08-31 18:56:02.900,58726.78892245371
