f_int,f_int_err,f_peak,f_peak_err,ra,ra_err,decl,decl_err,det_sigma,band,freq_eff,taustart_ts,mjd
0.000175220390810846,2.96898622312783e-05,0.000173543478066401,1.69774010313896e-05,271.194304338884,0.0017491449098088,-37.2574869173673,0.00139218402867991,8.77144497315467,1,1283895507.8125,2019-08-31 18:56:02.900,58726.78892245371
