f_int,f_int_err,f_peak,f_peak_err,ra,ra_err,decl,decl_err,det_sigma,band,freq_eff,taustart_ts,mjd
0.0001570766439969,2.99394834627078e-05,0.000155174445920842,1.70762406070872e-05,271.410081623319,0.00174211658703644,-36.9047258959371,0.00139305723114215,8.63081597825291,1,1283895507.8125,2019-08-31 18:56:02.900,58726.78892245371
