f_int,f_int_err,f_peak,f_peak_err,ra,ra_err,decl,decl_err,det_sigma,band,freq_eff,taustart_ts,mjd
0.000136889759636998,2.90143788067777e-05,0.000134839851789555,1.65006083047752e-05,271.492760819073,0.00173624928331003,-36.5916584195012,0.0013940418094162,8.18032572743704,1,1283895507.8125,2019-08-31 18:56:02.900,58726.78892245371
