f_int,f_int_err,f_peak,f_peak_err,ra,ra_err,decl,decl_err,det_sigma,band,freq_eff,taustart_ts,mjd
0.000178004437836175,3.20580512865577e-05,0.00017607991905304,1.83086149895637e-05,271.493990253601,0.00175633550286958,-37.5419609897017,0.001392611317908,8.97335128282068,1,1283895507.8125,2019-08-31 18:56:02.900,58726.78892245371
