f_int,f_int_err,f_peak,f_peak_err,ra,ra_err,decl,decl_err,det_sigma,band,freq_eff,taustart_ts,mjd
0.000222626913145024,3.09959325427283e-05,0.000221188411063042,1.77798782975227e-05,271.511453192865,0.00174661328572814,-37.2062402612399,0.0013911145947319,10.3249588429669,1,1283895507.8125,2019-08-31 18:56:02.900,58726.78892245371
