f_int,f_int_err,f_peak,f_peak_err,ra,ra_err,decl,decl_err,det_sigma,band,freq_eff,taustart_ts,mjd
0.000189509070099186,3.20756694455288e-05,0.000187699396697907,1.83420544350308e-05,271.549535210378,0.00174379230098288,-37.0260532290792,0.00139217691214972,9.40847058624365,1,1283895507.8125,2019-08-31 18:56:02.900,58726.78892245371
