f_int,f_int_err,f_peak,f_peak_err,ra,ra_err,decl,decl_err,det_sigma,band,freq_eff,taustart_ts,mjd
0.000166546748988654,3.32284607612115e-05,0.00016433689777818,1.89299087904857e-05,271.562899807937,0.00174338134944717,-36.9382745945069,0.00139345548504959,8.15022764527047,1,1283895507.8125,2019-08-31 18:56:02.900,58726.78892245371
