f_int,f_int_err,f_peak,f_peak_err,ra,ra_err,decl,decl_err,det_sigma,band,freq_eff,taustart_ts,mjd
0.000197584226068473,3.57200963463785e-05,0.000195431683650854,2.0398333952365e-05,271.597032843279,0.00175490412054088,-37.4795841809102,0.00139263971599811,8.33761443913782,1,1283895507.8125,2019-08-31 18:56:02.900,58726.78892245371
