f_int,f_int_err,f_peak,f_peak_err,ra,ra_err,decl,decl_err,det_sigma,band,freq_eff,taustart_ts,mjd
0.00016488829615193,3.05284866192754e-05,0.000163004215601615,1.74242323706478e-05,271.605235865957,0.0017335955603218,-36.5411036635713,0.00139282259203294,8.87891696258738,1,1283895507.8125,2019-08-31 18:56:02.900,58726.78892245371
