f_int,f_int_err,f_peak,f_peak_err,ra,ra_err,decl,decl_err,det_sigma,band,freq_eff,taustart_ts,mjd
0.000280772234372879,4.59280326404777e-05,0.000278267969439731,2.62800553732153e-05,271.620013537449,0.00175231121429592,-37.4054516537247,0.00139196039827298,9.00280884529026,1,1283895507.8125,2019-08-31 18:56:02.900,58726.78892245371
