f_int,f_int_err,f_peak,f_peak_err,ra,ra_err,decl,decl_err,det_sigma,band,freq_eff,taustart_ts,mjd
0.000205643623669833,3.44031850398178e-05,0.000203725128103309,1.96773846635386e-05,271.636908732456,0.00175527587986467,-37.524260770235,0.00139210155267094,8.63603292486388,1,1283895507.8125,2019-08-31 18:56:02.900,58726.78892245371
