f_int,f_int_err,f_peak,f_peak_err,ra,ra_err,decl,decl_err,det_sigma,band,freq_eff,taustart_ts,mjd
0.000185218498215344,3.4930564985745e-05,0.000183022633363867,1.99280784442298e-05,271.745065015777,0.00173282146918842,-36.4983540164478,0.00139297021385226,8.23719705859906,1,1283895507.8125,2019-08-31 18:56:02.900,58726.78892245371
