f_int,f_int_err,f_peak,f_peak_err,ra,ra_err,decl,decl_err,det_sigma,band,freq_eff,taustart_ts,mjd
0.000178532801677083,3.23010025478516e-05,0.000176584784737907,1.84455086017761e-05,271.775487683263,0.00174324514920175,-36.9766229667904,0.00139264532281335,9.09681811866571,1,1283895507.8125,2019-08-31 18:56:02.900,58726.78892245371
