f_int,f_int_err,f_peak,f_peak_err,ra,ra_err,decl,decl_err,det_sigma,band,freq_eff,taustart_ts,mjd
0.00018103712536759,3.39055319924464e-05,0.000178920459891091,1.93464950466665e-05,271.88965255191,0.00174357581426839,-36.9763944427916,0.00139291371209173,8.8756652682711,1,1283895507.8125,2019-08-31 18:56:02.900,58726.78892245371
