f_int,f_int_err,f_peak,f_peak_err,ra,ra_err,decl,decl_err,det_sigma,band,freq_eff,taustart_ts,mjd
0.000180281009815886,3.2866535316117e-05,0.000178283740580876,1.87652801582048e-05,271.893520829714,0.00174470369736352,-37.0370571455,0.00139270290298347,8.51855058972272,1,1283895507.8125,2019-08-31 18:56:02.900,58726.78892245371
