f_int,f_int_err,f_peak,f_peak_err,ra,ra_err,decl,decl_err,det_sigma,band,freq_eff,taustart_ts,mjd
0.000181038233379273,3.16365353182481e-05,0.000179195399136913,1.80794344129824e-05,271.936567950986,0.00175223911805366,-37.3790360028504,0.00139239383566056,8.24520380552788,1,1283895507.8125,2019-08-31 18:56:02.900,58726.78892245371
