f_int,f_int_err,f_peak,f_peak_err,ra,ra_err,decl,decl_err,det_sigma,band,freq_eff,taustart_ts,mjd
0.000174170231208997,3.16881364417889e-05,0.000172248475341795,1.80932894147155e-05,271.941229247136,0.0017495643251228,-37.2483336780584,0.00139268756609074,8.33785658995172,1,1283895507.8125,2019-08-31 18:56:02.900,58726.78892245371
