f_int,f_int_err,f_peak,f_peak_err,ra,ra_err,decl,decl_err,det_sigma,band,freq_eff,taustart_ts,mjd
0.00015891331680325,2.8742267136588e-05,0.000157180468697189,1.64134048307664e-05,272.012201928098,0.00174195101278554,-36.9201819871601,0.00139264299959717,8.75392667879941,1,1283895507.8125,2019-08-31 18:56:02.900,58726.78892245371
