f_int,f_int_err,f_peak,f_peak_err,ra,ra_err,decl,decl_err,det_sigma,band,freq_eff,taustart_ts,mjd
0.000165869147119555,3.19574172431982e-05,0.000163816773236103,1.82223255495583e-05,272.016624008904,0.00173452829284835,-36.564617368854,0.00139314821774666,8.07564328755883,1,1283895507.8125,2019-08-31 18:56:02.900,58726.78892245371
