f_int,f_int_err,f_peak,f_peak_err,ra,ra_err,decl,decl_err,det_sigma,band,freq_eff,taustart_ts,mjd
0.000151463506635275,3.11853755303955e-05,0.000149323216280684,1.77504627372376e-05,272.033868022409,0.00173807505810686,-36.6886587994689,0.00139375194562485,8.91169060850121,1,1283895507.8125,2019-08-31 18:56:02.900,58726.78892245371
