f_int,f_int_err,f_peak,f_peak_err,ra,ra_err,decl,decl_err,det_sigma,band,freq_eff,taustart_ts,mjd
0.000142550875030807,3.028308889023e-05,0.000140406458233329,1.72209355282986e-05,272.035518727774,0.00173724896572609,-36.6347562966671,0.00139406542892733,8.25681150168917,1,1283895507.8125,2019-08-31 18:56:02.900,58726.78892245371
