f_int,f_int_err,f_peak,f_peak_err,ra,ra_err,decl,decl_err,det_sigma,band,freq_eff,taustart_ts,mjd
0.000152495976027966,2.98101057346943e-05,0.000150553537005289,1.69916466514529e-05,272.047929442974,0.00173149683713429,-36.4221820003515,0.00139327357283656,8.50150434564723,1,1283895507.8125,2019-08-31 18:56:02.900,58726.78892245371
