f_int,f_int_err,f_peak,f_peak_err,ra,ra_err,decl,decl_err,det_sigma,band,freq_eff,taustart_ts,mjd
0.000159568022327027,2.94555001107949e-05,0.000157755573788102,1.68129771825782e-05,272.049748618353,0.00174216191659199,-36.9208660366065,0.00139279912163709,8.23122955584068,1,1283895507.8125,2019-08-31 18:56:02.900,58726.78892245371
