f_int,f_int_err,f_peak,f_peak_err,ra,ra_err,decl,decl_err,det_sigma,band,freq_eff,taustart_ts,mjd
0.000150019538861599,2.9217508236167e-05,0.000148122757517852,1.66554553322929e-05,272.069096904943,0.00173944966836478,-36.7775088263103,0.00139324088293472,8.16831397528782,1,1283895507.8125,2019-08-31 18:56:02.900,58726.78892245371
