f_int,f_int_err,f_peak,f_peak_err,ra,ra_err,decl,decl_err,det_sigma,band,freq_eff,taustart_ts,mjd
0.000157202065057759,3.09264274267197e-05,0.000155174008761703,1.7625029784038e-05,272.075514946413,0.00173375641018781,-36.5201461787078,0.00139332956682703,9.22693528073311,1,1283895507.8125,2019-08-31 18:56:02.900,58726.78892245371
