f_int,f_int_err,f_peak,f_peak_err,ra,ra_err,decl,decl_err,det_sigma,band,freq_eff,taustart_ts,mjd
0.000166729237009015,3.05400415007008e-05,0.000164864548784369,1.74351027478138e-05,272.082185419737,0.00174084568307638,-36.8664652605461,0.00139273913063295,8.75957768581248,1,1283895507.8125,2019-08-31 18:56:02.900,58726.78892245371
