f_int,f_int_err,f_peak,f_peak_err,ra,ra_err,decl,decl_err,det_sigma,band,freq_eff,taustart_ts,mjd
0.000152520404904419,2.91770210073013e-05,0.000150659891977435,1.66398735961557e-05,272.085539703749,0.00175088610977125,-37.2835598351882,0.00139308797148057,8.6525561159185,1,1283895507.8125,2019-08-31 18:56:02.900,58726.78892245371
