f_int,f_int_err,f_peak,f_peak_err,ra,ra_err,decl,decl_err,det_sigma,band,freq_eff,taustart_ts,mjd
0.000142417119260569,3.00376983143757e-05,0.000140305333531649,1.70851189746597e-05,272.094310533823,0.00174221089197527,-36.8576900665283,0.00139399142413179,8.18186700883884,1,1283895507.8125,2019-08-31 18:56:02.900,58726.78892245371
