f_int,f_int_err,f_peak,f_peak_err,ra,ra_err,decl,decl_err,det_sigma,band,freq_eff,taustart_ts,mjd
0.000167639966760301,3.11437963064976e-05,0.000165711357357812,1.77740186494697e-05,272.141346127622,0.00173724061071922,-36.7015396279021,0.00139284940293297,9.7851680477952,1,1283895507.8125,2019-08-31 18:56:02.900,58726.78892245371
