f_int,f_int_err,f_peak,f_peak_err,ra,ra_err,decl,decl_err,det_sigma,band,freq_eff,taustart_ts,mjd
0.000153066818727674,2.97315436872722e-05,0.000151141810426559,1.6949636753257e-05,272.143976159933,0.00173280809532374,-36.4839860603059,0.0013932180233563,8.0353448790916,1,1283895507.8125,2019-08-31 18:56:02.900,58726.78892245371
