f_int,f_int_err,f_peak,f_peak_err,ra,ra_err,decl,decl_err,det_sigma,band,freq_eff,taustart_ts,mjd
0.000173045890796243,2.88973430727008e-05,0.000171437345546928,1.65288039862431e-05,272.152883131876,0.0017423269121765,-36.9668960177066,0.00139208973835468,9.86649590994978,1,1283895507.8125,2019-08-31 18:56:02.900,58726.78892245371
