f_int,f_int_err,f_peak,f_peak_err,ra,ra_err,decl,decl_err,det_sigma,band,freq_eff,taustart_ts,mjd
0.000165381500370982,3.09991756069197e-05,0.000163444667681809,1.76877807319797e-05,272.170173577824,0.0017494115846779,-37.2291478740234,0.0013929204839182,9.14831283091556,1,1283895507.8125,2019-08-31 18:56:02.900,58726.78892245371
