f_int,f_int_err,f_peak,f_peak_err,ra,ra_err,decl,decl_err,det_sigma,band,freq_eff,taustart_ts,mjd
0.000166027675969287,2.91238346741036e-05,0.000164324751559902,1.66421880587094e-05,272.207893982046,0.00175425184064433,-37.4635654530311,0.00139242061618921,8.58941023679191,1,1283895507.8125,2019-08-31 18:56:02.900,58726.78892245371
