f_int,f_int_err,f_peak,f_peak_err,ra,ra_err,decl,decl_err,det_sigma,band,freq_eff,taustart_ts,mjd
0.000158072079299191,2.99968021519431e-05,0.000156174615510662,1.71107722460314e-05,272.236971950718,0.00173563320375053,-36.6207973487622,0.00139302109983914,8.12964926689553,1,1283895507.8125,2019-08-31 18:56:02.900,58726.78892245371
