f_int,f_int_err,f_peak,f_peak_err,ra,ra_err,decl,decl_err,det_sigma,band,freq_eff,taustart_ts,mjd
0.000147727019742971,3.05889512774202e-05,0.000145615729287823,1.74081377096606e-05,272.243189698002,0.00173898880615807,-36.7259971535697,0.00139380725560294,8.37679698612855,1,1283895507.8125,2019-08-31 18:56:02.900,58726.78892245371
