f_int,f_int_err,f_peak,f_peak_err,ra,ra_err,decl,decl_err,det_sigma,band,freq_eff,taustart_ts,mjd
0.000163981693564583,3.09275943340171e-05,0.000162037338129743,1.7644333003824e-05,272.258306584166,0.00174711251208057,-37.1270832557375,0.00139297055971354,8.6436955848954,1,1283895507.8125,2019-08-31 18:56:02.900,58726.78892245371
