f_int,f_int_err,f_peak,f_peak_err,ra,ra_err,decl,decl_err,det_sigma,band,freq_eff,taustart_ts,mjd
0.000156762871157812,3.21325388358095e-05,0.00015456741070554,1.82919133897963e-05,272.283404548577,0.00174099218188229,-36.8196869343259,0.00139370864403469,8.27628923609031,1,1283895507.8125,2019-08-31 18:56:02.900,58726.78892245371
