f_int,f_int_err,f_peak,f_peak_err,ra,ra_err,decl,decl_err,det_sigma,band,freq_eff,taustart_ts,mjd
0.000140090940669188,2.82858240024164e-05,0.00013818720624336,1.61089039753915e-05,272.315114293325,0.00175341513412228,-37.3662439055453,0.00139356599300432,8.79671623701736,1,1283895507.8125,2019-08-31 18:56:02.900,58726.78892245371
