f_int,f_int_err,f_peak,f_peak_err,ra,ra_err,decl,decl_err,det_sigma,band,freq_eff,taustart_ts,mjd
0.000140913980699857,2.74789869824866e-05,0.000139127797096135,1.56639005150502e-05,272.330116026086,0.00172806386943266,-36.2688298876781,0.00139325252290131,8.90609096783945,1,1283895507.8125,2019-08-31 18:56:02.900,58726.78892245371
