f_int,f_int_err,f_peak,f_peak_err,ra,ra_err,decl,decl_err,det_sigma,band,freq_eff,taustart_ts,mjd
0.000165166623059004,3.16874413115832e-05,0.000163140196818886,1.80702947881656e-05,272.356131260536,0.00174634235462881,-37.0859910741822,0.00139311208171565,8.70091382661222,1,1283895507.8125,2019-08-31 18:56:02.900,58726.78892245371
