f_int,f_int_err,f_peak,f_peak_err,ra,ra_err,decl,decl_err,det_sigma,band,freq_eff,taustart_ts,mjd
0.000168250578357433,2.94203039232433e-05,0.000166535766455277,1.68127007056411e-05,272.362284760071,0.00174452419376179,-37.045865865456,0.00139239804542106,9.25204038030357,1,1283895507.8125,2019-08-31 18:56:02.900,58726.78892245371
