f_int,f_int_err,f_peak,f_peak_err,ra,ra_err,decl,decl_err,det_sigma,band,freq_eff,taustart_ts,mjd
0.000217907490957306,0.000277924425762558,9.97503376685263e-05,7.34527912703653e-05,272.406018966029,0.0019562800572693,-36.8859814593714,0.00156469218871031,8.38182081889369,1,1283895507.8125,2019-08-31 18:56:02.900,58726.78892245371
