f_int,f_int_err,f_peak,f_peak_err,ra,ra_err,decl,decl_err,det_sigma,band,freq_eff,taustart_ts,mjd
0.000147370923816955,2.82722392283843e-05,0.00014556296991333,1.61227337292238e-05,272.476909732042,0.00173309416329802,-36.5026572266299,0.00139311200531284,9.14787874282838,1,1283895507.8125,2019-08-31 18:56:02.900,58726.78892245371
