f_int,f_int_err,f_peak,f_peak_err,ra,ra_err,decl,decl_err,det_sigma,band,freq_eff,taustart_ts,mjd
0.000139073154139564,2.93041525988143e-05,0.000137014924749793,1.66683692206143e-05,272.489720036322,0.00174816456735484,-37.1177262314669,0.00139398154366383,8.31196993882423,1,1283895507.8125,2019-08-31 18:56:02.900,58726.78892245371
