f_int,f_int_err,f_peak,f_peak_err,ra,ra_err,decl,decl_err,det_sigma,band,freq_eff,taustart_ts,mjd
0.000139475496253189,3.15538118937133e-05,0.000137096002909029,1.79068040996422e-05,272.49297807195,0.00174800259417961,-37.0685167432793,0.00139475780124205,8.106522606115,1,1283895507.8125,2019-08-31 18:56:02.900,58726.78892245371
