f_int,f_int_err,f_peak,f_peak_err,ra,ra_err,decl,decl_err,det_sigma,band,freq_eff,taustart_ts,mjd
0.000162330275019469,3.04970301385671e-05,0.000160420446744653,1.74003153268642e-05,272.495726707748,0.00174547325519681,-37.0576679207874,0.00139293883627039,8.63336606542151,1,1283895507.8125,2019-08-31 18:56:02.900,58726.78892245371
