f_int,f_int_err,f_peak,f_peak_err,ra,ra_err,decl,decl_err,det_sigma,band,freq_eff,taustart_ts,mjd
0.000155018607702692,3.13989563177022e-05,0.000152898659066737,1.78802847140684e-05,272.534592815227,0.00174873580701136,-37.1634006339294,0.00139359536408885,8.21521151690339,1,1283895507.8125,2019-08-31 18:56:02.900,58726.78892245371
