f_int,f_int_err,f_peak,f_peak_err,ra,ra_err,decl,decl_err,det_sigma,band,freq_eff,taustart_ts,mjd
0.000153624497951677,3.08572532726614e-05,0.000151558486145338,1.75758533330069e-05,272.637094261258,0.00174434496960812,-36.9769785249498,0.00139351727621509,8.01282064652093,1,1283895507.8125,2019-08-31 18:56:02.900,58726.78892245371
