f_int,f_int_err,f_peak,f_peak_err,ra,ra_err,decl,decl_err,det_sigma,band,freq_eff,taustart_ts,mjd
0.000169405627485401,3.02755350487967e-05,0.000167602050992505,1.7293491927005e-05,272.685332006646,0.00174400651512564,-37.0147963241885,0.00139255421047984,9.59264590936167,1,1283895507.8125,2019-08-31 18:56:02.900,58726.78892245371
