f_int,f_int_err,f_peak,f_peak_err,ra,ra_err,decl,decl_err,det_sigma,band,freq_eff,taustart_ts,mjd
0.00016653532718225,3.00479020924895e-05,0.000164728150219787,1.71599087914925e-05,272.732982534485,0.00173582526507971,-36.6512265396113,0.00139262483082779,8.97934351949135,1,1283895507.8125,2019-08-31 18:56:02.900,58726.78892245371
