f_int,f_int_err,f_peak,f_peak_err,ra,ra_err,decl,decl_err,det_sigma,band,freq_eff,taustart_ts,mjd
0.000146582273765736,3.04602566729158e-05,0.000144472361444271,1.73331002401355e-05,272.745958025123,0.00173410939929363,-36.507402985942,0.00139384240073266,8.15705440140225,1,1283895507.8125,2019-08-31 18:56:02.900,58726.78892245371
