f_int,f_int_err,f_peak,f_peak_err,ra,ra_err,decl,decl_err,det_sigma,band,freq_eff,taustart_ts,mjd
0.000151298065594433,3.01111788341888e-05,0.000149300500749564,1.71551697503101e-05,272.768429160861,0.00172971110695695,-36.3329938163586,0.00139343338885736,8.13382816793918,1,1283895507.8125,2019-08-31 18:56:02.900,58726.78892245371
