f_int,f_int_err,f_peak,f_peak_err,ra,ra_err,decl,decl_err,det_sigma,band,freq_eff,taustart_ts,mjd
0.000215675724666807,3.54418210931081e-05,0.000213734349199329,2.02781559559107e-05,271.963092583428,0.00175424398849225,-37.4864105156179,0.00139198880746958,8.89624244467435,1,1283895507.8125,2019-08-31 18:56:02.900,58726.78892245371
