f_int,f_int_err,f_peak,f_peak_err,ra,ra_err,decl,decl_err,det_sigma,band,freq_eff,taustart_ts,mjd
0.000160657249157473,3.04062196397146e-05,0.0001587390076887,1.73454325922817e-05,271.97245807684,0.00175612782745601,-37.5123712879166,0.00139299935319269,8.37762366940745,1,1283895507.8125,2019-08-31 18:56:02.900,58726.78892245371
