f_int,f_int_err,f_peak,f_peak_err,ra,ra_err,decl,decl_err,det_sigma,band,freq_eff,taustart_ts,mjd
0.000209504833661843,2.99755781771113e-05,0.000208075216229559,1.71883127983119e-05,271.983204285134,0.00175404089114141,-37.517963917724,0.00139123954704541,11.5070833061626,1,1283895507.8125,2019-08-31 18:56:02.900,58726.78892245371
