f_int,f_int_err,f_peak,f_peak_err,ra,ra_err,decl,decl_err,det_sigma,band,freq_eff,taustart_ts,mjd
0.000142476278792278,3.0807969266484e-05,0.000140255719743501,1.75097708501907e-05,272.001571693753,0.00174873897605502,-37.1279424984024,0.00139425152000368,8.13449487257131,1,1283895507.8125,2019-08-31 18:56:02.900,58726.78892245371
