f_int,f_int_err,f_peak,f_peak_err,ra,ra_err,decl,decl_err,det_sigma,band,freq_eff,taustart_ts,mjd
0.000158399758535064,0.000195406330404362,7.8046870973377e-05,5.55877355370073e-05,273.167201161803,0.00195464430815861,-37.3432156618474,0.00155394666288347,11.2537143126486,1,1283895507.8125,2019-08-31 18:56:02.900,58726.78892245371
