f_int,f_int_err,f_peak,f_peak_err,ra,ra_err,decl,decl_err,det_sigma,band,freq_eff,taustart_ts,mjd
0.000449705128278627,9.0388290648359e-05,0.000443649276289862,5.1482957005927e-05,282.138981641089,0.00278580699816259,-2.82262234036183,0.00278213593328251,8.14743258342842,1,1283895507.8125,2020-04-10 07:24:45.800,58949.308863425926
