f_int,f_int_err,f_peak,f_peak_err,ra,ra_err,decl,decl_err,det_sigma,band,freq_eff,taustart_ts,mjd
0.000880916585260588,0.00014453798798049,0.000873011474334461,8.2700196742532e-05,282.141790910464,0.00278387005863265,-2.6571392916768,0.0027806828455217,8.67558147575227,1,1283895507.8125,2020-04-10 07:24:45.800,58949.308863425926
