f_int,f_int_err,f_peak,f_peak_err,ra,ra_err,decl,decl_err,det_sigma,band,freq_eff,taustart_ts,mjd
0.000734249961616474,0.000166628073623508,0.000721645300910123,9.45512776288392e-05,282.187394317724,0.00278768838380476,-3.06393581201787,0.00278333223092422,8.60522301904246,1,1283895507.8125,2020-04-10 07:24:45.800,58949.308863425926
