f_int,f_int_err,f_peak,f_peak_err,ra,ra_err,decl,decl_err,det_sigma,band,freq_eff,taustart_ts,mjd
0.000913132653421155,0.000148110757129154,0.00090512476384265,8.47618737157368e-05,282.190523557438,0.00278689223121154,-3.78715670389905,0.00278061713008061,9.59473173796592,1,1283895507.8125,2020-04-10 07:24:45.800,58949.308863425926
