f_int,f_int_err,f_peak,f_peak_err,ra,ra_err,decl,decl_err,det_sigma,band,freq_eff,taustart_ts,mjd
0.000829976414801995,0.000165639471579417,0.000818957453276583,9.43623607318299e-05,282.199429620343,0.00278682667116969,-3.24380786980151,0.00278207444227375,8.73162464834606,1,1283895507.8125,2020-04-10 07:24:45.800,58949.308863425926
