f_int,f_int_err,f_peak,f_peak_err,ra,ra_err,decl,decl_err,det_sigma,band,freq_eff,taustart_ts,mjd
0.000483896998476306,9.28050505651309e-05,0.000477964070988627,5.29240788228215e-05,282.445848331195,0.00278661766291961,-3.29488746530315,0.00278174604626564,8.27208764558407,1,1283895507.8125,2020-04-10 07:24:45.800,58949.308863425926
