f_int,f_int_err,f_peak,f_peak_err,ra,ra_err,decl,decl_err,det_sigma,band,freq_eff,taustart_ts,mjd
0.000426316606913143,6.49481568452165e-05,0.000423018382847439,3.72077315760831e-05,282.541136069002,0.00278590303430931,-3.58549534950999,0.00278028259465852,9.73376079434819,1,1283895507.8125,2020-04-10 07:24:45.800,58949.308863425926
