f_int,f_int_err,f_peak,f_peak_err,ra,ra_err,decl,decl_err,det_sigma,band,freq_eff,taustart_ts,mjd
0.000353802779976098,5.62929391938234e-05,0.000350817223066592,3.22264867932338e-05,282.946284894231,0.00278369683083533,-2.66219584234375,0.00278050964805866,8.12993126849931,1,1283895507.8125,2020-04-10 07:24:45.800,58949.308863425926
