f_int,f_int_err,f_peak,f_peak_err,ra,ra_err,decl,decl_err,det_sigma,band,freq_eff,taustart_ts,mjd
0.00168391352334697,0.0015293148852088,0.00122094358542274,0.000640194739300399,281.968464700866,0.00152914975300548,-2.1899086540895,0.00152805034814308,8.55303432315325,1,1283986938.47656,2021-11-19 16:15:20.800,59537.67732407407
