f_int,f_int_err,f_peak,f_peak_err,ra,ra_err,decl,decl_err,det_sigma,band,freq_eff,taustart_ts,mjd
0.00270742760320828,0.000371784488797627,0.0026904097635996,0.000213300668845683,282.086548967824,0.00139282767856428,-1.68515254084681,0.00139222532346714,9.29306736512594,1,1283986938.47656,2021-11-19 16:15:20.800,59537.67732407407
