f_int,f_int_err,f_peak,f_peak_err,ra,ra_err,decl,decl_err,det_sigma,band,freq_eff,taustart_ts,mjd
0.000794983457618748,0.000136708205605788,0.000787147179894624,7.81505084040444e-05,282.363836424029,0.00139483942522148,-1.84343723555867,0.00139411769780363,8.9721960467981,1,1283986938.47656,2021-11-19 16:15:20.800,59537.67732407407
